customer_id,parent_name,child_name,child_birthday,child_age,family_address,parent_email,parent_job,parent_credit_card,latitude,longitude
98,Theresa Brown,Russell Fitzgerald,2020-06-20,3,"092 Little Unions
Amymouth, NY 35659",pittsmichael@example.com,Museum/gallery conservator,"Discover
Patricia Fox
6011330252288589 05/33
CVC: 276
",51.026785,15.558192
70,Heather Pollard,Candace Webster,2021-10-09,2,"4788 Stanley Motorway
Bellside, VA 60342",uhopkins@example.net,Dietitian,"JCB 16 digit
Joseph Pruitt
3548888996437852 02/25
CVC: 503
",-61.503718,-148.454059
24,Amber Vargas,Sydney Webster,2019-01-04,4,"06005 Jackson Spring
North Dariusland, AK 05858",watsondavid@example.org,Educational psychologist,"JCB 15 digit
Heather Cruz
213132005914571 05/24
CVC: 478
",72.445306,-155.426098
86,Nicole Huffman,Kaitlyn Perez,2020-07-15,3,"2896 Robertson Divide
Jonathonchester, SD 02864",ellenking@example.org,"Designer, television/film set","VISA 16 digit
Cody Reid
4337141939954648 10/32
CVC: 020
",13.281285,39.433327
27,Jose Miller,Alejandro Christensen,2018-09-28,5,"4863 Jessica Mews Suite 809
South Sarahshire, HI 12793",hdiaz@example.org,Tree surgeon,"American Express
Keith Lucero
374061143070670 09/31
CID: 3991
",-88.569709,-27.335734
68,Eric Cummings,John Wilson,2021-01-09,2,"56141 Christopher Vista Suite 631
New Donnaton, VA 93012",droberts@example.org,Minerals surveyor,"VISA 19 digit
Todd Glenn
4746327948619911522 02/33
CVC: 261
",-66.87446,167.936418
10,William Myers,Stacey Rivera,2019-04-26,4,"86158 Jennifer Glens
East Steven, VT 31230",wbaxter@example.net,Dance movement psychotherapist,"Diners Club / Carte Blanche
Scott Johnson
36268074646754 03/33
CVC: 513
",53.03704,153.530533
33,Robert Reyes,Suzanne Edwards,2022-04-20,1,"210 Harding Stream Suite 316
West Julie, OR 76551",tracysalazar@example.org,Video editor,"VISA 16 digit
Ryan King
4731507819757487 09/31
CVC: 019
",3.317895,-86.745718
39,Teresa Cuevas,Mario Bass,2018-12-30,4,"7420 Grant Alley Suite 086
Harrisport, NM 85575",timothyryan@example.com,Camera operator,"VISA 19 digit
Madison Torres
4681836982814037836 09/32
CVC: 401
",-59.944339,23.589016
73,Cindy Kelly,Jack Jimenez,2020-05-01,3,"734 Moore Freeway
Lopezstad, HI 47175",laurahall@example.net,Multimedia specialist,"Discover
Lindsey Curry
6598956489154672 10/26
CVC: 457
",37.9454695,-132.917775
68,Charlotte Yu,Alfred Bell,2020-11-25,2,"85396 Harrison Drive Suite 537
East Kristenmouth, KS 19030",fward@example.com,Emergency planning/management officer,"VISA 13 digit
Jasmine Luna
4559022167424 04/29
CVC: 891
",0.742386,167.99879
18,Lisa Foster,Jenna Wells DDS,2020-07-17,3,"887 Randall Motorway
South Paul, NV 06550",hayesbrittany@example.org,"Restaurant manager, fast food","VISA 16 digit
Chris Torres
4415320261570736 12/24
CVC: 728
",-81.846797,-105.571682
62,Kimberly Williams,Abigail Olsen,2020-09-19,3,"57028 John Mountain
Port Brian, IL 82601",progers@example.com,"Scientist, water quality","JCB 15 digit
Kimberly Leonard
213123263456264 01/26
CVC: 654
",-63.34049,121.969895
61,Dominic Rose,Douglas Fisher Jr.,2022-07-02,1,"833 Peter Canyon
Lake Andrew, KS 92597",vfernandez@example.org,Cytogeneticist,"JCB 16 digit
Larry Barker
3528217432548912 11/30
CVC: 607
",-10.162537,173.934823
71,Mallory Navarro,Alexis Barnes,2020-01-27,3,"836 Heather Turnpike Suite 756
Salazarborough, OR 62905",elee@example.net,Leisure centre manager,"VISA 19 digit
Chad Wood
4399243841003505845 09/29
CVC: 716
",36.33638,-170.198848
42,Kenneth Lewis,Ray Griffith,2021-08-26,2,"PSC 1773, Box 2943
APO AE 81541",brittany68@example.com,Farm manager,"VISA 16 digit
Jason Brown
4296617667643338 10/24
CVC: 881
",71.841648,111.806855
59,Amy Mann,Jose Garcia,2022-03-10,1,"173 Johnson Neck Apt. 223
Johnton, RI 19487",sherri18@example.net,Chartered legal executive (England and Wales),"VISA 16 digit
Elizabeth Kim
4048470855195195 10/29
CVC: 547
",-14.0287175,93.446507
35,Brittany Williams,Mark Bailey,2022-05-24,1,"889 Patterson Garden
East Christina, AK 78236",emily40@example.org,Fine artist,"JCB 16 digit
Kristin Kline
3515191338310617 05/32
CVC: 493
",-75.9262685,102.164946
80,Kelsey Powell,Beth Simmons,2021-10-04,2,"287 Greene View
Martinberg, PR 46501",andrewthornton@example.org,Passenger transport manager,"JCB 16 digit
Crystal Pollard
3573664350690644 04/24
CVC: 879
",-19.7536965,-34.742308
1,Michael Diaz,Julia Alvarado,2022-07-30,1,"4561 Julie Shoal
Wilsonmouth, RI 68826",vdavis@example.com,Production manager,"JCB 16 digit
Shelly Dawson
3585223267726458 07/33
CVC: 644
",89.93356,-11.668981
38,Jennifer Williams,Brian Dunlap,2020-12-06,2,"625 Alison Neck Suite 937
New Andrewtown, ME 65180",jenniferwilliams@example.com,"Optician, dispensing","Diners Club / Carte Blanche
Denise Austin
30079339525469 07/33
CVC: 977
",-15.0023435,-133.889524
58,Laura Allen,Veronica White,2019-11-28,3,"97364 William Estates
South Katiestad, SD 24078",jessicalawson@example.org,Radio producer,"JCB 16 digit
Adam Navarro
3530917324690054 10/25
CVC: 409
",7.991479,73.725116
6,Billy Ford,Shawn Townsend,2018-05-20,5,"184 Moon Plaza Apt. 162
New Kyle, ID 05630",stephen02@example.org,Water engineer,"American Express
Cynthia Brock
343230514151892 02/26
CID: 5263
",-6.7214215,116.963232
19,Nicole Peterson,Benjamin Stephens,2018-04-03,5,"5744 Pamela Drive Apt. 012
Pamelaberg, ME 74745",christopherspears@example.net,Event organiser,"American Express
Vanessa Golden
373605678528105 12/25
CID: 6263
",80.048739,-35.954635
57,Meredith Martinez,Laura Montgomery,2019-07-16,4,"528 John Motorway
Bryantmouth, IN 06759",daniel09@example.org,Futures trader,"American Express
Angela Morgan
340222262146706 09/25
CID: 6010
",-39.032329,52.940916
91,Robert James,Christopher Adams,2020-02-11,3,"449 Jimenez Way
Mirandafurt, HI 86063",kphillips@example.com,Secretary/administrator,"Discover
Autumn Morris
6011904697188784 08/28
CVC: 235
",-61.517218,-60.846674
64,Mrs. Valerie Small,Stephanie Martin,2018-06-12,5,"81523 Ryan Bypass Suite 843
Lake Raymond, IN 26783",warrenscott@example.com,Trading standards officer,"VISA 19 digit
Eric Brewer
4800738540752703549 05/31
CVC: 484
",-77.235201,-7.705979
54,Matthew White,Karen Henderson,2020-05-15,3,"61892 Anthony Forest
Jordanshire, MA 14016",jonesandrew@example.net,Secretary/administrator,"Maestro
Eric Phillips
502009054169 01/27
CVV: 603
",-31.547402,-92.468592
24,Michelle Stephens,Donald Allen,2019-11-30,3,"290 Stephanie Prairie
Lake John, MA 91123",walterjamie@example.org,"Teacher, early years/pre","VISA 13 digit
Vanessa Ward
4336401394543 01/33
CVC: 404
",-65.966223,74.909106
35,Brenda Knight,Terry Henderson,2021-06-20,2,"293 Caleb Common
South Anthony, MS 25429",pbrooks@example.org,Police officer,"VISA 13 digit
Damon Peterson
4239475000139 11/28
CVC: 078
",-30.2282775,-69.234841
77,Billy Johnson,Jason Giles,2021-06-15,2,"021 Maria Common
Aprilside, PW 35605",mejialindsay@example.net,Immigration officer,"VISA 13 digit
Jill Miller
4017709035133 08/28
CVC: 123
",-67.349191,46.884305
84,Destiny Simpson MD,Brianna Nguyen,2019-09-17,4,"77176 Espinoza Circle
Williamsmouth, VA 87896",lisarussell@example.net,Banker,"VISA 16 digit
Lisa Coffey
4174463231048267 03/31
CVC: 902
",82.0145245,-156.471846
88,Daniel Summers,Dawn Duran,2019-05-26,4,"168 Curtis Heights Apt. 034
Port Jeffreyborough, TX 63719",whayes@example.org,Arboriculturist,"VISA 19 digit
Ricky Rice
4617782824928182058 10/24
CVC: 994
",78.513022,33.003851
43,Kyle Ray,Keith Taylor,2020-09-27,3,"90350 Kendra Oval
Jacobston, PA 85560",kjones@example.net,"Scientist, clinical (histocompatibility and immunogenetics)","VISA 13 digit
Daniel Kirby
4574735809097 07/25
CVC: 666
",74.45508,66.195518
89,Diana Chang,Dawn Smith,2019-03-24,4,"31854 Williams Junctions Suite 224
Tracyside, VI 70862",kelly58@example.net,"Surveyor, building control","Diners Club / Carte Blanche
Ryan Hughes
36182156791661 07/31
CVC: 947
",-84.704186,113.825291
75,Joseph Welch PhD,Ronald Smith,2020-01-28,3,"64636 Obrien Lock Suite 042
Adamtown, ID 24617",kristen93@example.net,Legal secretary,"Discover
Brenda Johnson
6011361642436067 11/30
CVC: 513
",31.5395835,-102.996618
68,Margaret Murray,Derrick Oliver,2019-10-10,4,"743 Boyer Villages
Johnsonhaven, KS 39601",jeff60@example.org,Chief Marketing Officer,"VISA 16 digit
Sandra Jackson
4833118487582335 11/25
CVC: 487
",38.7528535,63.41079
71,Patricia Morgan,Joyce Johnson,2021-06-08,2,"39586 Wallace Harbor Suite 602
Heatherhaven, MH 74229",brandyreynolds@example.net,Engineering geologist,"VISA 19 digit
Erica Parsons
4993910870830185267 11/26
CVC: 994
",21.16295,-6.228255
90,Tommy Smith,Patricia Hardin,2018-01-06,5,"31735 Christian Center
West Ryanville, ID 92992",klee@example.net,Financial trader,"Diners Club / Carte Blanche
Crystal Robinson
30281533575429 06/31
CVC: 848
",68.112606,-131.833489
70,Joshua Murphy,Ronald Sanchez,2021-05-01,2,"40687 Susan Isle Apt. 286
Benjaminchester, NM 51154",millersteven@example.net,Armed forces training and education officer,"JCB 16 digit
Elizabeth Madden
3565959498796620 11/32
CVC: 923
",-32.898981,161.993342
23,Angel Barnes,Robert Jackson,2021-01-21,2,"66922 Barton Cove
East Jasonborough, DE 45432",pattonmatthew@example.net,Site engineer,"VISA 16 digit
Matthew Williams
4328337088647808 12/26
CVC: 931
",4.178985,-163.30959
5,Kirk Todd,James Oliver,2021-11-07,1,"98832 Timothy Tunnel Suite 977
Tateberg, RI 80471",brandi74@example.org,Chief Marketing Officer,"Maestro
Melissa Rich
060415040397 05/26
CVV: 552
",-65.2261205,-36.467873
65,Samantha Hernandez,Dana Ware,2020-04-16,3,"5147 Mcguire Trace
Port Marissafurt, VA 33625",jacob97@example.com,Catering manager,"VISA 19 digit
Sandra Torres
4115878025547802957 02/33
CVC: 924
",-22.201082,-37.874159
80,Ricardo Holloway,James Curry,2022-03-23,1,"5457 Kevin Haven Apt. 172
Port Donna, MT 73507",sherri60@example.net,Prison officer,"JCB 16 digit
Kimberly Vance
3502770383814923 05/27
CVC: 873
",-12.838381,79.864738
49,Angela Henry,Dominic Smith,2018-04-06,5,"7805 Robinson Bridge Apt. 560
South David, SD 59906",vazquezangela@example.com,Learning mentor,"VISA 16 digit
Scott Saunders
4954288640458864 03/33
CVC: 421
",-53.231715,-16.663694
79,Holly Snyder,Virginia Green,2021-10-23,2,"1989 Rachel Rapids Suite 009
Simsmouth, ID 60307",hannah75@example.com,"Optician, dispensing","American Express
Alan Rose
373738799931682 05/26
CID: 6962
",68.8510005,31.387722
95,Patricia Hughes,Amy Rodriguez,2022-07-28,1,"0050 Hood Hill Suite 632
Lake Allisonshire, NV 23814",ryanruiz@example.net,Biomedical engineer,"Mastercard
Nicole Hamilton
2354838611307167 12/26
CVV: 991
",3.7582455,43.207361
62,Lisa Price,Nicholas Lam,2021-11-17,1,"98676 Jackson Ways
Port Justin, MT 08486",mmeyers@example.com,"Scientist, audiological","American Express
Ann Anderson
345915901292741 04/31
CID: 1195
",-89.9718285,80.815604
69,Nancy Warren,Edward Cole,2019-06-16,4,"990 Johnson Inlet Suite 475
Jasonshire, MS 22292",sean51@example.com,Ophthalmologist,"VISA 16 digit
Jennifer Simon
4034900192100322 06/32
CVC: 058
",5.6888355,-135.024499
33,Michael Chambers,Tammy Galvan,2019-11-08,3,"53466 Strickland Ferry
Mullinsview, AS 23279",yandersen@example.org,"Engineer, maintenance","Mastercard
Amanda Tucker
5213723250508438 03/27
CVV: 420
",-22.334316,75.226068
77,Tina Berry,Lorraine Mcgee,2018-08-15,5,"1521 Powell Groves Apt. 881
Hubbardburgh, VI 46685",alicialong@example.org,"Designer, interior/spatial","Mastercard
Jean Gonzales
2713364236851477 05/28
CVV: 064
",-14.246285,-33.535057
96,Maureen Terry,Shawn Kennedy,2021-03-27,2,"Unit 1965 Box 1485
DPO AP 16376",kelly21@example.net,Sports coach,"Mastercard
Rodney Hernandez
5567958165191720 11/30
CVV: 385
",24.4298385,163.287717
51,Maria Norman,Vincent Mcbride,2021-12-31,1,"8305 Ferguson Lake
South Justinstad, NE 86094",ericwarren@example.org,Rural practice surveyor,"JCB 16 digit
Brittany Ramos
3539025855659729 10/33
CVC: 346
",2.7346655,-78.816767
67,Lauren Durham,Pamela Schmidt,2021-09-10,2,"9594 Herrera Wall
Aaronchester, MD 03620",jamie60@example.net,"Engineer, water","Maestro
Troy Graves
587697803357 10/25
CVV: 323
",-23.1739605,-14.052897
51,Kim Preston,Amanda Houston,2017-11-26,5,"093 Atkins Lake Apt. 493
Collierburgh, MA 51940",jodilozano@example.net,Counsellor,"VISA 16 digit
Francisco Torres
4443653611125660 05/31
CVC: 207
",-49.081406,86.120195
93,Angela Horn,Robert Perez,2018-10-08,5,"743 Bradshaw Land
Robertborough, MH 25015",mooneyalexis@example.com,Operational researcher,"Mastercard
Tyler Gibson
5543736533384964 12/31
CVV: 873
",-55.2484495,-153.781673
46,Courtney King,Theresa Cox,2020-08-06,3,"988 Duarte Extensions Suite 631
Turnermouth, HI 62411",branchchristine@example.org,Commercial/residential surveyor,"American Express
Tammy Ortiz
372812593448697 08/33
CID: 5731
",51.368505,94.668058
10,Emily Ray,Cindy Barrera,2020-03-16,3,"4191 Kristen Road Apt. 737
West Melissahaven, UT 36261",tapianancy@example.net,"Journalist, magazine","Discover
Patrick Spears
6549616610743005 12/28
CVC: 288
",-0.09535,-108.768852
68,Heather Archer MD,Laura Mcdaniel DDS,2020-08-29,3,"4603 Sarah Skyway Apt. 476
Hollandville, MH 45637",ashley83@example.net,Market researcher,"Mastercard
Lydia May
2720570841248229 09/24
CVV: 213
",-88.268417,-43.98316
66,Martha Williams,David Salinas,2020-10-07,3,"10727 Myers Spurs
East Nicholaston, VA 93524",justin70@example.org,Radio producer,"Mastercard
Michelle Thompson
2486030170497438 03/31
CVV: 133
",52.844463,152.278111
6,Priscilla Rodriguez,Joseph Riley,2020-04-01,3,"498 Rebecca Bridge
Carolynhaven, IN 85854",qvaldez@example.org,Corporate treasurer,"Diners Club / Carte Blanche
Natasha Cannon
30069134144228 08/26
CVC: 012
",33.143049,139.966353
92,Bianca Doyle,Kevin Bruce,2019-08-19,4,"Unit 6832 Box 3555
DPO AA 11662",rharmon@example.org,Forensic scientist,"Mastercard
Vicki Foster
2574155171598760 08/30
CVV: 199
",13.4862475,-67.463584
77,Stephanie Smith,Katelyn Gordon,2019-10-31,4,"859 Paula Valleys Apt. 215
Port Heather, AL 96731",emontgomery@example.net,Haematologist,"JCB 16 digit
Robert Wilkinson
3585476671151800 02/33
CVC: 072
",-55.35209,13.131005
6,Raymond Smith,John Underwood,2018-02-27,5,"8168 Shannon Rapid Suite 158
East Scottland, AK 71201",seanjones@example.com,"Surveyor, building control","Diners Club / Carte Blanche
Erika Simon
30441202163044 07/31
CVC: 408
",-44.9898665,-86.476202
79,Bruce Smith,George Nelson,2021-01-07,2,"40346 Hailey Cove Apt. 306
Griffinbury, CA 15455",elizabeth74@example.net,Music tutor,"JCB 16 digit
Samuel Gonzalez
3526503869977035 03/25
CVC: 892
",-4.647244,137.092946
60,Cody Melendez,Peter Chapman,2020-07-29,3,"480 Harris Road
Port Danafurt, VA 13513",jesuscampbell@example.org,Multimedia specialist,"VISA 16 digit
Edward Pierce
4840937078728200 05/30
CVC: 245
",-52.876997,78.326709
82,Madison Ferguson,Malik Benson,2020-07-23,3,"615 Smith Throughway Apt. 303
West Randyview, CO 25188",mooreeric@example.org,Insurance risk surveyor,"Maestro
Chelsea Hunt
639096588244 04/28
CVV: 766
",31.759471,125.555379
80,Bryan Bell,Sarah Hart,2018-05-07,5,"898 Hansen Drive
Brianland, VI 59641",russell74@example.net,Chief Financial Officer,"VISA 19 digit
Sheri Sellers
4673829903664404898 03/32
CVC: 322
",-37.9298925,134.431741
63,Mia Vaughan,Erin Howard,2020-10-03,3,"5694 Jones Ridges
East Emma, NJ 18537",michaelrivera@example.net,Artist,"American Express
Darius Taylor
378067845346009 08/30
CID: 1801
",83.0946735,-165.9887
77,Randy Underwood,Jennifer White,2019-07-27,4,"857 Anderson Trafficway
Mariaberg, GU 48016",andrewsjennifer@example.org,Building services engineer,"JCB 16 digit
John Baker
3567019757197743 03/31
CVC: 822
",-56.3533895,167.67768
6,Margaret Pope,Renee Davis,2020-02-21,3,"4473 Levy Stream
New Frankfort, VI 74562",fosterjoyce@example.org,Tourist information centre manager,"VISA 13 digit
Kyle Hart
4043991000767 10/31
CVC: 914
",19.191424,1.233309
48,Mark Wallace,Mrs. Margaret Williams,2021-12-14,1,"994 Bishop Mountain
Jonathanland, NH 50956",courtneyrangel@example.net,Metallurgist,"Maestro
Ryan Brady
676111795016 05/27
CVV: 108
",41.8803035,-168.534446
40,Ryan Carson,Stuart Howell,2022-07-03,1,"9536 Cox Spurs Apt. 930
Robinsonbury, KY 53253",fisherbrandon@example.org,Systems developer,"Diners Club / Carte Blanche
Cynthia Murphy
30088310073159 11/29
CVC: 264
",-28.5502135,-147.461006
48,Joel Vargas,Zachary Warner,2022-06-02,1,"1941 Michael Islands Apt. 038
Walkerfort, LA 02694",mark20@example.org,"Surveyor, commercial/residential","JCB 16 digit
Meredith Burton
3510275414141064 06/27
CVC: 972
",-51.850261,-49.808055
32,Jessica Meyer,Mike Farrell,2022-09-26,1,"179 Walton Meadow Apt. 400
New Mary, PA 04537",randallsalinas@example.com,"Conservation officer, nature","Discover
Amanda Rollins
6011255002443368 11/24
CVC: 461
",-52.391427,-48.636653
74,Denise Fletcher,Michael Johnson,2020-12-15,2,"69734 Richard Valley Suite 097
Holtside, AS 57902",elizabeth64@example.org,Music tutor,"Maestro
Nancy Miller
501815509705 02/25
CVV: 471
",15.612437,80.595911
32,Alicia Pugh,Jacob Sanchez,2019-04-20,4,"58516 Kyle Lake
New Elainestad, OR 89570",vmeyers@example.org,Data processing manager,"JCB 16 digit
Marcus Stanley
3580586438734170 06/31
CVC: 462
",58.8026305,61.223388
60,Steven Cox,Michael Bailey,2022-02-02,1,"230 Clark Creek Suite 770
Lake Christopher, AL 63386",gregory53@example.net,Illustrator,"VISA 19 digit
Joseph Flores
4078576147310634717 10/30
CVC: 018
",-65.9414825,0.520247
31,Nicholas Cooper,Collin Smith,2018-03-19,5,"5943 Johnston Trafficway Apt. 042
Brownfort, DE 49039",adam76@example.org,Museum/gallery conservator,"Mastercard
Meghan Blankenship
5553962972796768 05/31
CVV: 747
",-85.8779005,-24.647174
25,Brittany Hernandez,John Hall,2018-10-26,5,"0604 Frazier Plains Apt. 489
South Kelly, MP 54398",navarrokimberly@example.net,"Scientist, product/process development","Discover
Jean Garcia
6011888186411619 07/29
CVC: 657
",41.713704,-172.115473
93,Angela Porter,Mr. Martin Knight,2021-05-31,2,"Unit 1655 Box 5979
DPO AP 33068",bryan87@example.com,"Social research officer, government","American Express
Tina Ball
370173723600455 11/28
CID: 0561
",84.5564745,25.690322
43,Chelsea Klein,Kristen Lewis,2018-10-09,5,"35632 William Glen
Alexandrafurt, NJ 76683",kathryncannon@example.com,Mechanical engineer,"VISA 13 digit
Jeremy Farley
4751819853445 12/25
CVC: 324
",-64.393748,-77.913013
83,Lindsay Hicks,Kirsten Lin,2019-01-26,4,"5125 Rose Fords
Figueroaborough, NV 92149",sreid@example.net,Interior and spatial designer,"VISA 16 digit
Sandra Brown
4049404077744448 07/33
CVC: 669
",31.946264,154.962838
28,Gregory Richard,Richard Williams,2021-07-07,2,"8236 Thomas Squares
East Troymouth, IN 96042",morrowtiffany@example.com,Estate manager/land agent,"JCB 16 digit
Emily Cantrell
3576667211411669 05/26
CVC: 605
",79.9585545,70.842329
75,Brad Allen,Mrs. Amanda Taylor,2021-02-27,2,"36928 Jennifer Streets
North Garyport, MO 63293",thompsonreginald@example.com,Health and safety adviser,"VISA 16 digit
Robert Taylor
4835668999809731 11/24
CVC: 835
",-81.405421,-53.012418
24,Nicole Butler,Raymond Gonzales,2021-07-03,2,"3502 Dennis Drive
Reyesfurt, CA 14177",reneerogers@example.com,Occupational hygienist,"JCB 15 digit
Julie Baker
180024594240592 02/30
CVC: 624
",76.762784,28.979944
91,Kelly Andrews,Sarah Adkins,2021-07-18,2,"Unit 4319 Box 8453
DPO AE 37055",williamsandrew@example.org,Research scientist (life sciences),"American Express
Isaac Moore
341868690709272 02/27
CID: 6030
",11.543346,-163.277352
31,Matthew James,Nicole Marshall MD,2021-03-24,2,"89146 Whitney Drive
North Matthew, AR 76406",rhonda83@example.org,Herbalist,"VISA 16 digit
Bill Martinez
4949589681237069 04/28
CVC: 459
",-28.652726,99.599492
97,Nathaniel Perez,Johnny Torres,2021-08-20,2,"32934 Vanessa Park
Campbellshire, MD 17868",thomascox@example.org,Bookseller,"Discover
Angela Schmitt
6584673846018989 04/32
CVC: 140
",-45.149258,125.134336
92,Kristen Evans,Christine Mayer,2019-06-14,4,"3398 Jeffrey Hollow Apt. 314
Brookechester, NC 65091",warnertimothy@example.net,Research scientist (maths),"VISA 13 digit
Jack Mullen
4764797927982 02/33
CVC: 747
",35.1487855,50.389324
44,Alexandra Hayes,Steven Valdez,2020-09-04,3,"335 Christina Dale
Nortonstad, NC 68568",kramerjohn@example.net,"Teacher, adult education","JCB 16 digit
Linda Garcia
3575885134215873 09/32
CVC: 496
",-37.435198,128.201925
96,Julian Owens,Anna Serrano,2020-10-24,3,"485 Charles Glens
Lake Justin, VA 32706",ralphterry@example.org,"Production assistant, radio","VISA 16 digit
Tyler Williams
4433043503730409 08/24
CVC: 569
",4.769127,148.849834
74,Brianna Kelley,Jeanne Jones,2018-10-26,5,"2286 Stewart Rapids Suite 261
Ayersshire, NM 22547",jodonnell@example.org,Recruitment consultant,"VISA 19 digit
Kari Kennedy
4090682618301908688 03/24
CVC: 445
",57.0209965,-98.133781
87,Benjamin Cortez,Michael Ferguson,2018-11-12,4,"117 Evans Garden
West Catherineburgh, TX 31656",cprice@example.org,"Editor, magazine features","VISA 19 digit
Justin Kelly
4695955421351179102 08/30
CVC: 577
",-24.232447,146.219015
19,Ricky Nguyen,Edward King,2020-02-08,3,"78446 Davies Radial
Dawnland, SD 45183",hendersondwayne@example.com,"Lecturer, further education","JCB 16 digit
Jose Thomas
3506079766168469 09/26
CVC: 543
",-53.520123,175.286596
73,Mary Gibbs,John Hunt,2020-01-06,3,"34046 Perez Oval Apt. 571
Mccoytown, KY 08032",oconnellstacey@example.com,Animal nutritionist,"Diners Club / Carte Blanche
Jenny Martinez
36869017770641 03/32
CVC: 357
",29.77863,-55.680745
27,Emily Bernard,Tyler Bradshaw,2018-12-28,4,"8114 Mark Mountains
Smithville, WY 81959",leemelissa@example.org,Retail buyer,"JCB 15 digit
Mario Williams
213104019562068 08/26
CVC: 403
",77.250252,33.818404
57,Tiffany Montgomery,Thomas Church,2020-06-11,3,"650 Eric Squares Suite 522
New Linda, PR 83205",tina82@example.com,Quarry manager,"Diners Club / Carte Blanche
Jason Durham
30305241347761 03/27
CVC: 440
",-51.9595745,-22.256539
57,Bailey Swanson,Tanya Randall,2020-05-08,3,"91833 Gina Crest Suite 207
Lake Jessica, MS 64428",burnettsarah@example.com,"Psychotherapist, dance movement","VISA 16 digit
Krystal Parker
4517050325157421 08/24
CVC: 114
",-33.204239,-29.536462
10,Robert Pena,Ashley Fuentes,2020-10-17,3,"1802 Anderson Squares
East Nathanielborough, NH 88288",michelegibson@example.net,Insurance claims handler,"JCB 16 digit
Nicholas Hutchinson
3596531683365991 04/26
CVC: 816
",57.339651,168.936018
