consent_id,consent_doc_number,start_date,stop_date
596.0,CC,2026-02-22,2027-09-04
271.0,BB,2025-03-18,2027-11-14
703.0,BB,2024-11-30,2025-02-07
241.0,CC,2026-07-01,2028-01-03
162.0,DD,2024-12-25,2026-08-08
350.0,CC,2025-11-13,2027-10-13
683.0,BB,2026-02-03,2028-01-16
449.0,BB,2026-02-27,2028-12-29
117.0,DD,2025-09-12,2027-11-13
936.0,BB,2025-01-15,2026-06-22
233.0,BB,2025-05-17,2027-04-10
78.0,DD,2026-08-12,2028-11-26
897.0,CC,2025-07-11,2027-04-04
852.0,BB,2026-06-23,2026-11-15
495.0,CC,2025-01-19,2025-10-25
537.0,DD,2026-03-27,2028-09-27
385.0,CC,2026-05-20,2028-02-29
597.0,BB,2025-12-05,2028-09-25
265.0,AA,2024-11-02,2027-08-04
702.0,AA,2025-03-07,2027-08-25
