contract_id,consent_doc_number,start_date,end_date
1.0,CCC,2024-05-11,2026-02-26
2.0,AAA,2026-03-29,2027-01-22
3.0,AAA,2026-06-05,2028-01-06
4.0,BBB,2025-06-09,2026-09-12
5.0,BBB,2026-03-08,2028-08-08
6.0,BBB,2024-03-04,2025-09-19
7.0,AAA,2025-09-10,2025-12-06
8.0,AAA,2024-08-22,2025-08-15
9.0,DDD,2025-08-14,2026-03-02
10.0,CCC,2025-04-12,2027-03-16
11.0,BBB,2024-09-15,2025-08-08
12.0,CCC,2025-01-24,2026-11-16
13.0,DDD,2024-11-06,2025-10-27
14.0,AAA,2024-10-12,2027-01-06
15.0,AAA,2025-12-22,2028-08-25
16.0,DDD,2025-09-12,2026-10-13
17.0,AAA,2026-05-12,2026-06-09
18.0,DDD,2024-06-02,2024-06-15
19.0,BBB,2024-06-01,2025-05-25
20.0,DDD,2026-07-19,2028-02-19
